address,tx_count
0x06012c8cf97bead5deae237070f9587f8e7a266d,4914863
0x06a6a7af298129e3a2ab396c9c06f91d3c54aba8,646250
0xd73be539d6b2076bab83ca6ba62dfe189abc6bbe,443039
0x1a94fce7ef36bc90959e206ba569a12afbc91ca1,180797
0xf5b0a3efb8e8e4c201e2a935f110eaaf3ffecb8d,147945
0x7fdcd2a1e52f10c28cb7732f46393e297ecadda1,119688
0x8c9b261faef3b3c2e64ab5e58e04615f8c788099,108814
0x2a46f2ffd99e19a89476e2f62270e0a35bbf0756,104315
0xf915bbfbb6c097dc327e64eec55e9ef4d110d627,78922
0xb932a70a57673d89f4acffbe830e8ed7f75fb9e0,61158
0xd2f81cd7a20d60c0d558496c7169a20968389b40,60862
0x875eaa41917ced7c1e435272888d23f05098fc97,59575
0xf7a6e15dfd5cdd9ef12711bd757a9b6021abf643,49163
0xa98ad92a642570b83b369c4eb70efefe638bc895,42678
0x41a322b28d0ff354040e2cbc676f0320d8c8850d,40128
0x5f5ff74b198e5095069cf132d2523dbae516613f,37162
0xdceaf1652a131f32a821468dc03a92df0edd86ea,36782
0xe58af3dcbe423c1e330f9d6e61cd47cb530239ac,36781
0xbb5ed1edeb5149af3ab43ea9c7a6963b3c1374f7,33832
0x8bc67d00253fd60b1afcce88b78820413139f4c6,33496
0xfbeef911dc5821886e1dda71586d90ed28174b7d,33221
0x6ac07b7c4601b5ce11de8dfe6335b871c7c4dd4d,31994
0xdf5d68d54433661b1e5e90a547237ffb0adf6ec2,31988
0x67cbbb366a51fff9ad869d027e496ba49f5f6d55,30728
0x273f7f8e6489682df756151f5525576e322d51a3,29922
0x4f41d10f7e67fd16bde916b4a6dc3dd101c57394,28836
0x4d3814d4da8083b41861dec2f45b4840e8b72d68,28401
0xaadba140ae5e4c8a9ef0cc86ea3124b446e3e46a,27267
0x663e4229142a27f00bafb5d087e1e730648314c3,26704
0x011c77fa577c500deedad364b8af9e8540b808c0,24603
0x2aea4add166ebf38b63d09a75de1a7b94aa24163,23918
0x2d9e5de7d36f3830c010a28b29b3bdf5ca73198e,23287
0xe694010c4f1fcd35ebc04ceb60f847caaf2cd6f2,23070
0x5d00d312e171be5342067c09bae883f9bcb2003b,22893
0xfd89ea92f6ec07d955e2adbba2400ca1a6369028,21698
0x2c2391f793f4f81475d87fffe366458ce5380a13,21542
0x18ddd7fedc4b1a5a414cded8e5be6c40408a95dc,21350
0x3ca53be299c765cdc66cc1723f8b3eefb3aaa413,20400
0x20bd491fee75b6af6c2100c83b83312d620f2958,17508
0x31af195db332bc9203d758c74df5a5c5e597cdb7,16619
0xfc249b4a5ada66c25392c10b8f40ad284b6f185d,16523
0x87d598064c736dd0c712d329afcfaa0ccc1921a1,16072
0x71c118b00759b0851785642541ceb0f4ceea0bd5,14350
0x79986af15539de2db9a5086382daeda917a9cf0c,14205
0x9d9c250311b65803c895cc77f878b8092019dedc,14051
0x4243a8413a77eb559c6f8eaffa63f46019056d08,14042
0xb6fc6e2385d55ccb83e297bd92e2bd89795b47a3,13514
0xd4048be096f969f51fd5642a9c744ec2a7eb89fe,13235
0xe12e5b46be75efa04b5ebd3fa5935fb6ee6d32c7,13165
0xda9f43015749056182352e9dc6d3ee0b6293d80a,12859
0xbfde6246df72d3ca86419628cac46a9d2b60393c,12830
0xc4a21f9a38b813b2c8e3f2e01c8d7547a99ed2b7,12275
0x1d963688fe2209a98db35c67a041524822cf04ff,12066
0xe14ad72ffdc688cc02c66493c8f696c34c57ff37,11982
0xd26386adbe8a58a0f8d6382a89d41c22245eaeff,11616
0x9884d4e9b305ad015168e9d6e4400582dce2cd59,11422
0x995020804986274763df9deb0296b754f2659ca1,10902
0x1710d860034b50177d793e16945b6a25c7d92476,10824
0xabc7e6c01237e8eef355bba2bf925a730b714d5f,9907
0x92cb5f1fbabbcbdd891b9cbd8e9a056c8c1eebef,9771
0xc2d8db56c50f253d1279da6760345fe78f784ed9,9559
0x5372f926b34be60ac1436372107c3ee8c6e056e5,8638
0x79215cde52b4e8e4d46dd81f45e38b88d2290815,8626
0x07712e925a753da463d3be2f4731957857dce42a,8259
0x84ac94f17622241f313511b629e5e98f489ad6e4,8136
0x913ae503153d9a335398d0785ba60a2d63ddb4e2,8074
0xd70f41dd5875eee7fa9dd8048567bc932124a8d2,7897
0x7d152fe26431e6585dbff9ef37e375e49b862739,7874
0x24d0cbd0d5d7b50212251c5dc7cb810e7af71f6a,7871
0x91094bc91e7a3b86a69980433d0bee55a1d6cbb3,7738
0x7aa46ed92bb48ad6825b2bf2003d3d928e84f853,7653
0xbace7e22f06554339911a03b8e0ae28203da9598,7558
0x099a16f0414cb0cc0555d5f1f8140166462d39ff,7489
0xa56a4f2b9807311ac401c6afba695d3b0c31079d,6884
0x94d4a314fc718adfb3e9e25d3e3a984862ec7f1b,6780
0xe3d5b07e929ef8fcc78572f135b4e31c3490be06,6743
0xaec5cf7fa497c2b27a6f37ee0c817c619b42c03a,6700
0x6023da5c4ed130e73cd816ec931b562db2c346bb,6676
0x45929d1754e9fc5450acfbe11f3d620fa2316f3d,6578
0xb8f9bfc712e77f9dffe22ea8f9adae8d4314d0d2,6320
0x788defd1ae1e2299d54cf9ac3658285ab1da0900,6297
0xb545507080b0f63df02ff9bd9302c2bb2447b826,6030
0xc70be5b7c19529ef642d16c10dfe91c58b5c3bf0,6027
0xb2c0782ae4a299f7358758b2d15da9bf29e1dd99,5987
0xe440654a00b757446b4914c56ad56a804a6bc6af,5910
0xc782ab25dac76565d3fdede36fcf87227c9217da,5859
0xfcad2859f3e602d4cfb9aca35465a618f9009f7b,5820
0x05dbbe4baed86d9b1da83e67dea6326e2617dad2,5798
0x7e72c07706bfb258ce6a5b893457f7d4bb15f44b,5578
0x0144b7e66993c6bfab85581e8601f96bfe50c9df,5507
0x6b106609bbea6f4c9ace8836aa3fb04c6b586c4e,5501
0xf2665d9fb3a0ad17a7454da077bec9cc159f644a,5396
0xb57756d92bd170a66b4f361eafbfd13e625372c2,5249
0x33eecbf908478c10614626a9d304bfe18b78dd73,5195
0xf766b3e7073f5a6483e27de20ea6f59b30b28f87,5109
0x13492019d9ff6978fe4e1fc030d4e1b811f31750,5065
0xcfbc9103362aec4ce3089f155c2da2eea1cb7602,5059
0xd112f302969901fedd28756efe8170b80c746ccc,5050
0x81d8e220a6240d1b6dc42d13ed7e0316aa89f265,4973
0xba5a17f8ad40dc2c955d95c0547f3e6318bd72e7,4861
0x6abab28fa94f76789844141b09a560a521fe5ba0,4812
0x25692da406889bf4db93f921063d9bc952bd01d0,4666
0xedb94888eff041eb50c9fc92c360f66afb3b94c5,4651
0xaaf1554f6d075870cabadaa746bebfa11bd3db64,4541
0xa6d954d08877f8ce1224f6bfb83484c7d3abf8e9,4515
0x0111ac7e9425c891f935c4ce54cf16db7c14b7db,4487
0x4fece400c0d3db0937162ab44bab34445626ecfe,4404
0xe9e3f9cfc1a64dfca53614a0182cfad56c10624f,4331
0x36f16a0d35b866cdd0f3c3fa39e2ba8f48b099d2,4320
0x4e34ec528a663194f4dfe40641e8a3a98abb6e84,4240
0xe897e5953ef250bd49875fe7a48254def92730b9,4239
0x31d4c5be1082a88f2abafea549b6c189c2cf057f,4214
0x6fecaa110f74c8181e4a90285b1065be32596c9d,4081
0xda2686fd32c6b74d55605cfb48bef331771e7fc6,4075
0x323a3e1693e7a0959f65972f3bf2dfcb93239dfe,4059
0xd79b3d20bf9e9d54c4da992fda0b52861fb67575,3948
0xdcaad9fd9a74144d226dbf94ce6162ca9f09ed7e,3892
0x909899c5dbb5002610dd8543b6f638be56e3b17e,3886
0x984976f6aca045057cc2a9de3d86a6b6d8aea346,3886
0xa9e3440d5c64e99c77410ec4b15746b835add59e,3850
0x539cdd7e257e686336914d1723f044e17a922d3d,3817
0xe6d1cf4945c90409963227caf95cfab0dcd61537,3817
0xecdea46daad5a8b8d7b51ef935a9f5fc2311c801,3779
0x53e3a7ec57132173ce615debb9a303fd2cd86789,3642
0xecd6b4a2f82b0c9fb283a4a8a1ef5adf555f794b,3595
0xda9c03dfd4d137f926c3cf6953cb951832eb08b2,3449
0xc75e132cb0079b1a1109f7fab7aef2c9dd334140,3434
0xd3551ab3018edb9e1c1111e966cceffdf625a730,3411
0xeca47dae7262d46f9e0cae8c444c528bdf2b90d2,3363
0x9eea7965ee59c304f81d602ae1d9a3d624429d9d,3340
0xea5eebee2923c0d0506d2ff306e839e781e6c7c9,3265
0x8a1190c9a21ccc195a943ec9ee434620461b46b2,3238
0xd90f5ebc01914bbd357b754956aafb199f4d1624,3158
0x286e052bc8250250566683424001ee5224867d91,3117
0xa92e3ab42c195e52c9fbf129be47ecbb03845dfd,3092
0x6f4e647f553397dc999382ad3a9c5336c5de27aa,2963
0x3910d4afdf276a0dc8af632ccfceccf5ba04a3b7,2936
0x5fbc6aeb4a868b0f930fbe34581188b7bff5ab62,2919
0x99474b0a565dd095555636d85803cdca7276b931,2843
0x2e7570255ac8c449217fb15405fac01f5408d114,2823
0x7a8ce4beffe38f431a2f12e1a8b7d7dae62df359,2794
0x2e7ae73127595ad323710836015eac722d0089dc,2725
0x15dd447b5ecf63432909a4655037b43898fabf19,2688
0x8e44ebb62ef1d1191eda8e5f1cb2ffc279182c5b,2650
0x676a72917a06c32df5bd01687a175411bfa7fd79,2633
0x5caebd3b32e210e85ce3e9d51638b9c445481567,2621
0xc95c0910d39d1f6cd3bd71e4b689660c18172b7b,2617
0xf26a23019b4699068bb54457f32dafcf22a9d371,2612
0x7a19322ac0025c697fd4a4fd4dfc3ed559795625,2601
0x9cf63efbe189091b7e3d364c7f6cfbe06997872b,2550
0xefabe332d31c3982b76f8630a306c960169bd5b3,2548
0xdda32aabbbb6c44efc567bac5f7c35f185338456,2516
0xa97ff44cff7101fac76af172f088f400f28cb4e9,2412
0xe26b758708f39276f879c0a187d9a789fc26c38e,2394
0x3c642be0bb6cb9151652b999b26d80155bcea7de,2392
0xdf6e32d85d17e907e0da157fab7c12788e7161da,2357
0x03e99afd576eaf6b818d58a4efc59d2d0cbf1678,2343
0x3012d31fcc4b6a7fa03bb0af1fba9639f405edea,2319
0xe9b9480767774ccb29f3502629bfab1ed74bee36,2281
0x3cd41ec039c1f2dd1f76144bb3722e7b503f50ab,2280
0xf030b8fbe57c4498298449fc78a0f7054a5ef76d,2255
0xec516efecd8276efc608ecd958a4eab8618c61e8,2255
0x69a1d45318de72d6add20d4952398901e0e4a8e5,2248
0x9ef27de616154ff8b38893c59522b69c7ba8a81c,2243
0xb2ee4acf44b12f85885f23494a739357575a1760,2237
0xf3821adaceb6500c0a202971aecf840a033f236b,2236
0x3a1957a0b9755d78c77e301410b254b6147a400c,2231
0x095c3f21a8ddf9307e5d7091f8ee5d1dcfd2d705,2225
0xdf203118a954c918b967a94e51f3570a2faba4ac,2209
0xe97b5fd7056d38c85c5f6924461f7055588a53d9,2202
0x319944872abe84f4a0c8ee2e68e436fa121f9824,2192
0x1b5242794288b45831ce069c9934a29b89af0197,2182
0x18f36d3222324ddac1efd0a524aabfb9d77d8041,2170
0x5536b6aadd29eaf0db112bb28046a5fad3761bd4,2158
0x032c7d517f6e86384c1f40bbb81630ba937af02d,2148
0x8fa86ed71a1f1783fb402b1d1ef44aadaec02f42,2147
0x36697e362ee7e9ca977b7550b3e4f955fc5bf27d,2119
0xbe4dca67d318f572869ed8845fe1d3869f98ed43,2112
0x747616c4a19bd9bf1e2b6c8a77d206ea1f9c6018,2105
0xcc9a66acf8574141b0e025202dd57649765a4be7,2082
0x498757d666008ccb0ec5cfc790c5b7416659a741,2038
0x812b17908972e3db860247303dd041312b821e0e,2037
0xa5b6109ad2d35191b3bc32c00e4526be56fe321f,2035
0x0af1b410a7915ce6b4754b355d37cc38e59b7edd,2020
0x2821e35072ccdad0d69665092f64eb280b385c73,1977
0xb64e6bef349a0d3e8571ac80b5ec522b417faeb6,1900
0x452b2bc7c94515720b36d304ce33909a8323f3e3,1889
0x7c1231053af06c5cc1b49148b675df0ccfb32c0e,1873
0xbbab7770066b2a3ae4862c2892e672e8adaf428e,1852
0xe4f5e0d5c033f517a943602df942e794a06bc123,1809
0x9515dc155712c39d9959bcf4bc6e0adf77577767,1764
0x102c527714ab7e652630cac7a30abb482b041fd0,1761
0x26936b691450a838b6df4965b58f2c53a9139d29,1753
0xf0b49f1061c41098f70e1a6103e7626e4c89d8cb,1742
0xb88924408a95917c75de67fc9fbdc4af992979c3,1738
0x2a7840daed4b3b941de611779ea68469fa88c1ae,1729
0xd4e4078ca3495de5b1d4db434bebc5a986197782,1720
0x85e4cd785887cad7c6be93f2f34d5fa683f9bfcd,1717
0x772da237fc93ded712e5823b497db5991cc6951e,1697
0x1aba27d6a420feb25af6cf6b80b93b7526725a71,1687
0x8200341ffa058a4b2fa5bef16c8cca0330d529ed,1675
0x56d26dcf777da81fca4e9926bda3738d3550398a,1666
0xce890b99a8987145b3bac7f5eba4a8bda8f0989b,1658
0x2290995bb9c481306f83bd8f549d9f1c41357444,1640
0xa068345a625542fe49c299c8df309a920a184200,1629
0xf20f4a5028a8e8e5692bd6fafd06f594f52848d3,1620
0x86e4dc25259ee2191cd8ae40e1865b9f0319646c,1588
0xa1d121abe654d2a7c44f5b0f4752599746162cc4,1586
0x84f4226af1eb4b5e76c5dd203eef7f1f3452fb9d,1584
0x752063605629f7eed2f7039aae3dc0c140e92786,1579
0xa5e5be69c923c701ae6ac8f1f5936af3ae610c68,1568
0x7fc0552df341fe7052efc8a2806a7c9bddeb23d0,1559
0x225ad9683005ce6fde4eae78c7ed91a499182378,1552
0x117cb292e97a593fbca38b5cd60ec7144d4ca8c9,1503
0xa690f6a9fa8bcef284f2f4aeb1add87e1d9a4465,1503
0xa01a45394d98a67be493bcfc62a308847e6eb7fd,1491
0x2ba797c234c8fe25847225b11b616bce729b0b53,1488
0x96313f2c374f901e3831ea6de67b1165c4f39a54,1488
0xab55903841e9d755ac512e9cca39def98eb64943,1473
0x88d623ab2cf63e05edfead7462c34f048b55d75b,1463
0x6748746ebd1e29c14e16ff1fa607578e26e3b914,1440
0x9f2a7b5e6280727cd6c8486f5f96e5f76164f2df,1422
0x95aa0dc2406820239b139cdc6c2c4b1569ac8717,1422
0x324ac93dedc7c0290c62bdf5395eb6148c7192b6,1418
0xf7f6c2836293a661be2690fbacae97f3f027e9c4,1414
0x6ebeaf8e8e946f0716e6533a6f2cefc83f60e8ab,1404
0xa181b8c9f6b43b8252c6c9826cf5feba362b542e,1402
0x2f2d5aa0efdb9ca3c9bb789693d06bebea88792f,1397
0x69fe5b1e12104d7fd87cd290a64aee2fb14d9d1a,1397
0x054df44d9bf67e87e09de919086bf12633f6bcf5,1390
0x4a9b2f7888a7cf3665cdbcc3239e8c50bb9686eb,1385
0x947600ad1ad2fadf88faf7d30193d363208fc76d,1354
0x07925fbd9a9bad7f7ccad02353d0fe24b99aabb2,1349
0x16d790ad4e33725d44741251f100e635c323beb9,1328
0xe04fe81304e4c1f7edbcb46f239199876400c712,1326
0x47a15658051e1c68795f8d51d1f29de8b6ccacd2,1314
0x38957b95ba3da5329acd660debaac1e72fa5c2f1,1309
0xb55c5cac5014c662fdbf21a2c59cd45403c482fd,1297
0x6c837602c30cd67484b43f48ebf03191361703f7,1296
0xed023b117953fcfaa92150d3ebe3e987d19563ce,1294
0xf15666603540fb9218b85567ee833455cb586dc0,1283
0x4a1913ba499587a0ed2ad4f93d9857a803b74281,1282
0x60f3680350f65beb2752788cb48abfce84a4759e,1281
0x63b7a26e0f0089a73e8d66b8ad7fa2c54cd5b8fe,1277
0x510214a82ad0d91db6db49763630da3abf86de7e,1263
0x85b2949cea65add49c69dac77fb052596bc5ddd4,1233
0xcddcc63883683a3e6d5537d0b47074c3accc790e,1226
0x4201db13824a50a11f931169b2f0bca9cac23614,1226
0xf24c63438ae11cb3facb84006f4cfa75458126ed,1225
0xcf0010af06edff540af798d06e866d95cbdc8488,1215
0x14c4293d7e7325cec8c52cea3df37d91aa9cc7b6,1211
0xdfe0e36ea59dd7bcf8e72b3aa38d7ff1f472f1ce,1208
0x50297ae40669344996c4e1a4a98e73ec994df589,1208
0xffd0b80c0a070cde7a11034fb4cf393637be0a61,1206
0xb3b1f75b8b6c3c0f941bff34241a102454832943,1199
0x476c331d7f6569dc4bd16ef6673f7a89cd6f37c3,1191
0xc22faf9f506e63e6f4f0088d15e9197b27c77ac7,1181
0xd4202b234c15255bf0511d3380e83bda9172a72b,1178
0xb12e260275bcd28e6f8820666ba02c67c9600843,1175
0x960f401aed58668ef476ef02b2a2d43b83c261d8,1166
0x30a2fa3c93fb9f93d1efeffd350c6a6bb62ba000,1160
0x552d72f86f04098a4eaeda6d7b665ac12f846ad2,1147
0x156b05b48625ab11777c79d1b860c89d72cf9a3d,1146
0x825c1d61a5b170808a31b895c26ee4f24b690d59,1141
0x34d77a17038491a2a9eaa6e690b7c7cd39fc8392,1122
0x3b74618d5c023de31bd90fcdf5875099de46a864,1112
0x269e1e99806ca06f53dde2fe20656db82a341349,1112
0x5aeb706c39a76c31fa89bf726de1a6f7d6bc1a51,1110
0xa67aac23549f4c672256b59b43ab0bacfcfcd498,1106
0xa4497793305616c3b984597a6912d71f16f1572f,1086
0x8a8ec4cedf933dc983724c235fd4f4754ffbe6fc,1070
0x8419721412da63076b4556247a028e93ab51f9f4,1064
0x2ac3d21f49d7e4e4593713343b4088aa181f277a,1060
0x543ecfb0d28fa40d639494957e7cba52460f490e,1059
0x6f69141c0419b1d94c29bd5972f99213c2ce7b92,1056
0x8599ef76318dc3116a582ea20a37fb75b378fddb,1051
0x74cd98fbd837fe9200cf867f4b1ba9573c6d865e,1049
0x943108bcdd1a2d5bad75b31d0b421b8170fd1192,1045
0x8c55b18e6bb7083b29102e57c34d0c3124c0a952,1043
0xe43f953a39a4681ac36f72977ec6998adc3d9f6a,1033
0x702241c23f1add928c286e65b9e4adc993481702,1026
0xaa8e5e4fb27f41c8b9e54e0526ccea477ee97938,1014
0x983050b84d1dba4a376b4efabc6bea420cb7d6e4,1011
0xda84a1ec664b15d2ebb64ca2bece34220d2a9727,1009
0x6c7c97caff156473f6c9836522ae6e1d6448abe7,1008
0x677566868c765c89a5057dc8ee1e78c1b48d9897,1007
0x97d1761564c564fe0325e5538d35687a73970cd4,1002
0xffdf17652cca46eb98a214cb3e413c8661241e49,999
0xb8f93e49a3278bb92f643ca2491cf80bfa0a01b7,996
0x3ad503084f1bd8d15a7f5ebe7a038c064e1e3fa1,990
0xdb7e971d39367b20bcf4df5ae2da0fa4261bf0e8,984
0x5888345b59b217cf76d30db57d435e0a3b19fed1,976
0xb646adbbdb023ee1ae8e159ba9f5ce008073230c,971
0x1eb7382976077f92cf25c27cc3b900a274fd0012,971
0x749012523b5c0f634537736202e233f12e9e66bc,970
0xbc4aee331e970f6e7a5e91f7b911bdbfdf928a98,962
0x79817fd8f2eb22688d183392e1de1a48eed51d83,959
0x82b431bf57761c095b0a6a32b5c59861d11e988a,950
0xdde2d979e8d39bb8416eafcfc1758f3cab2c9c72,949
0xa8362d0f4c4e75e083cbc9275ffff7eabfca8a6d,944
0x9808e39c7293ac907e288c8e0e42465ad62c5bd5,938
0x4b510e68fdd6ce19ca7806237d2ac4fd7929fc0a,937
0x83036f5de022ce142b63af574dd88b8bea00912a,936
0x3bcbd2093e991363b98cf0f51d40fecd94a55a0d,936
0x73b0ebea28f76be1368d578d13657354330472a9,927
0xd0792ac0de7ef31197c5f452b21a34389ecc725f,925
0xf8ef303406cbcbfc82af008d45210c835ad2f736,913
0x57cdee8a9658f364553fe89ba200252b00ad05d9,908
0x79f8cd0e10cbc82d663e6d8c306165f6785297f9,907
0x90b12b97a52451f38090f49bce8bc2962dde4902,907
0x6857853cf694d27844d74e0d8d9d68a1665b615b,906
0x129f96168333e234b16739cfd407d5d97e1aacc1,900
0xe1015a79a7d488f8fecf073b187d38c6f1a77368,893
0x18b256fdb020240c8d1cdb97a1b881e3a47bb10f,888
0xc0eb2d33b7405f1337b18cdea06e62ad6564d1d6,882
0x51c8d180ffa4c81dfe719c162c935444530a8f73,874
0xd23043ce917ac39309f49dba82f264994d3ade76,870
0x57f2836bb114da5a47a1c058928344eb12eb89cc,869
0x580a29fa60b86aaff102743de5cba60bb5f9de75,867
0x56cd53067e5acd557dbbfb4c66580dfb9722962a,867
0x62590a381465eeb2c909787fc927d150ce340d5b,856
0x452745e4f9e6d7ed926ed42cd8231b16260b1bc0,852
0x8208c034850c6d6184e01759770ade89abc46eb5,852
0x450363e54c6c28628e7c34d12632e1c33f0b799d,850
0xf2b6734f4de870c3001e8969c41682671202ddb3,845
0xe69f5c97de5373a192001f0cb4f9eff6cfcdb467,832
0xd2a2691b44facbac43eeb4a7330180f14fa1431f,825
0xb9250c9581e4594b7c6914897823ad18d6b78e96,818
0x548d32216d01617452892ea360bfce9ce8dc9729,818
0xb80776700778e7415da08ef65fa389f75737fb95,815
0xc242eb60dbd5bf9ec1ab8a1ff795a7f23edab24f,810
0xb487d45f2d2a93b84e8f8c5074e256896bbf7d9c,807
0x5a1dbff1a772bc35f53c77509b4dc1624c65e6ec,804
0x3fab1c4216e401de80cef4ac5387452d16314c6e,804
0x2eda0bf5b07d9b95e3c1c8845af1bac760f3aa0b,803
0x83d1654a9930cb28f91c62a4a41bb6f1c153153c,801
0x29c77ea1d6ff8839ed6e08b3a01d339e3949c1b6,799
0x621a6a9b3b973c8605a281a623a8a61db3b58e50,788
0x7d414bc0482432d2d74021095256aab2e6d3f6b8,785
0x0c507d48c0cd1232b82aa950d487d01cfc6442db,782
0xe11f708a6e5e114d27d347fcdb5061a201e934b6,780
0x035a0c0a53c21ff620cfb1fd66c7aead801ae171,777
0x8ade5d212fa36a8f24e4e336f45aa5e1a6dde39a,771
0xdae049562763d6a4236af188a05f4f29603b41cc,771
0x59c36e47c4490efb7a48d5ec4c68ea8a725c1c56,767
0xf441b73b0a196aa67d32aee230aab5e54eef4765,758
0x9df440a892fba900981951341628165c0df81cb9,755
0xdab64dc4a02225f76fccce35ab9ba53b3735c684,751
0xd31fc221d2b0e0321c43e9f6824b26ebfff01d7d,740
0x6c0fd5e012e5819e89bbefc2325d1a03f7e79785,737
0xf02dfb3f6284ae4317d7940b3e6005d39c68436e,733
0x10a5f6dbd1f9e56fe09df25b1163cd299d5d2413,726
0x0ba000163959726c90d41c804386d37718d5edc8,724
0x6b4cb2bccb18ba7fed18526305abc5c9f1fb5048,721
0x6a75ea015f81fb0a3d01ab2fb339d20bd10e35ba,719
0x826f6d1242231b70832d009f7d2c99a0ca8b7a12,715
0x7690bd7d77ceb45fdedbfbc7c4bb3dfc6fc52634,715
0x6d500e4b6565c3c25a6edd51839d52269e3d293f,706
0x9f7eaeb7d987b33db953fca515642a1def0cc39e,703
0xbe3f29b523884068f6847cb9c8c7ae885d9cc8cf,693
0x77dc74ba7b3356e483a18e5819795cea0ad5a326,679
0xbed1804038651c47c3fda985fc1444db53e9a408,678
0x5c8951c94b059900d05b10d592b44c78574196c5,678
0xa9d250eb2b993171cd283c6b00e6d1570af48fb0,675
0xac92356226e31fe91810e48c0706daccf9cfe467,673
0xb7321c1dae3931abf91f8f5d68e3aaa42f526acb,672
0x43a65ba72a91c18bb16e3aa4cdf150ced9657645,666
0xa8ff919febc2d314bbfdeb686925ec75e3581a3c,661
0x9664ee59e43d10e458bc2abe4ca483d3123d606c,647
0xf034a5c40975086c54f0af5d2fb1a86176831363,644
0x43dbea78dd1a0e6d2fa43f08e109cab95c1679a0,643
0x89b5eaec2702ab0ff33ca397b3e66c7d925d5144,642
0x72f6c7cf94f73e71ef2fdceff707b1fd8d05c609,638
0x1703e0ea0eb81fc6eccd3cf945d9bbe43a115b58,638
0xe215e8160a5e0a03f2d6c7900b050f2f04ea5cbb,636
0x0962e3b25fcd18529e9bec591744304322ff4de5,622
0xd8a7c7daed6e7fd480d4cea3af336a97411fe25c,619
0x5267f4183868f0bff6f95b7ba70c9f0193e645c0,617
0xc4aeb6cdfac2dc870bb8ac00cc9049319e5d0bf8,603
0x395e5461693e0bb5ec78302605030050f69e628d,599
0x0604db7ebf0004ddf450020e0d8b0f0354b1345f,598
0x82a79ed5ab6f96047995579fab331a415727fccb,595
0x1737bae7d38fd3922a554467b8c1417d5cd268f8,595
0x990c2463c7c4dcb435948e3110006f352da8e666,589
0xe2bef3e4da2dfce1fd970c8a9d233951c5c4382f,584
0x96ea4f8d4788fb1d48d175cd751daab056ada627,579
0x82898432d56663b132d3104181a4edea8680097c,579
0x32e999e60e79d97ed30fcb128f23a2aca92a35c0,578
0x2c04e6dd23c33a66f58dfb79dfb15285336c92d0,575
0x736a50d13605cce1b1e46b689fd54948ce5dc16e,574
0x43c9b7b7ce699ac2c1d3aad3b5a78274a0f9c86d,574
0x15820072729d045ec5232ba3bd060ec5df38e09a,571
0x730a050900280effd2b7d9b7200076de7118d90d,570
0x96e666c387b1d25b490a33cdb5a32b8a1f91d3b6,569
0x52629dd14923d9f60deafdd373ff6e1145866f09,568
0x21e578b253c73ef7172f13b5c002c2f562521ed5,563
0x5a77f86cfd338c2b9ed452c486aef0399ddf2ba1,562
0x0c495b4716462d89c564ba79e7de477b543e0e30,561
0x7a25a288072b7361eb266ffa2309d4cc76b03c11,560
0x9effec6d600ea9ac54757882da1accd79e292e50,557
0xeae9d154da7a1cd05076db1b83233f3213a95e4f,555
0xd2cbca4449adb54ecddb3a65faf204b5e1790c3e,554
0xf978983a73c140118c030941e9e767979cbeb5ee,553
0x9c260150c240611e62fc9ba7693e4fe2be16ef61,550
0x595f279de4b5df1e47ca55b65175d8a9a935a0fa,541
0x34d565bddcff2dd74bc98e056ebd32dd5f5e1d34,541
0x474a235530a53e00ff74b07abe35fb2002835e63,534
0x3bbfea5632490f4d09b9a167633929bd17356e18,533
0x4e01124b127ae8d0573efc4a026d9d7505fcd5bb,531
0x6b31a2ef5986d283332e4a3a608adb3c09ffdd13,529
0x3bf3d4e80b91d2731abcb154c21ad35abb417fd2,523
0x22c294bbf61c3c60a5271d245ac8c620c438e0e4,520
0xffe2e9b263458d5e5f4d9e132caa085bab1af3ec,519
0x50340228da3842905780621c514fd750eaa881fe,518
0x42535ec3ed3120c3d2f51828795984493f44f80b,516
0x6c81daaa7551ec3593abc41b782e5db77507070c,516
0x31019a4b0b32bdd2a8c0e9a91c9b5e8067740685,508
0x25f87ca1f96152bd8c4794229c17be23bb1f3745,504
0x69c1ca6a60fc703ea5f48d37f08cace6cb0a4a6f,497
0xd6122c4b53738db5bb3b1f526d707836ce6c0699,495
0x5dc66c1835fd8d60ef2ec31901ee3f33de9c61a1,494
0xdcbb200e480a94c9a29e27b336b7ffd2390df71e,492
0xbc9b96e7aa6afea664f9d5fdda168518ee20f2cc,491
0xabbbdf5226f9b993e5e15a01fcb1b9c9a25987be,487
0xd1877365c79285e413efa400106e731dc3a50cab,486
0xdce09254dd3592381b6a5b7a848b29890b656e01,482
0xfdd55d8f43ce0f8141a3e9793d75e6834f67d3c3,477
0x338ce8942efe8e7cbed3de24d895091fc7444e02,474
0x2a378c8d96e7d994fb9bec6adb7c6af2fe772c3b,471
0x25d466f0e7da4ec2f7201309e5416951d1e241a2,470
0x1dc6a97dc3c04f8f89c8fbeab2556a5434225dd5,469
0x09dde8591235dc23bd2b56d464ee596244519022,464
0x3f59b4debf570f301eb4a554866a08048b1ea54c,462
0x2908a881d04658b9bc59f0e7646cd87094e969a2,462
0x3b92628bd53c1492ad316d14372498d166f1477d,461
0xed678608de045609da5a7a459c5416fe25bc5532,458
0x65a92c6d14f1fa251bf17be232ce43381f18a14a,456
0x0d623823d2aa4540f335bb926447dc582dc5bd64,456
0x060975d6d798e1a088e558f47febe8ecac32e949,456
0xd1bd0724c0fddfc6155d742dad0d6d2d13080594,453
0x0e901b6c9781e6423e9ee8e5c4ac26e2ac48a146,451
0xe14a2d09cc9c6df4eb74ddd261b60f387b28e58a,450
0x14934ebc9f06aee47c7199de7f5b98cd96c514cc,450
0x3a299ceb5fcc7784dd25e56be826c77f96275deb,447
0x512de689ecfc61b9c2c9a00c33cd38243741a496,446
0x1b05e6557768650c0df0c9377c32c621ac1ccf17,441
0x58e80f54c86b6df98814cc274893534c0f7785e8,436
0x54cc27b4405fc9fab144179f40a0422c7d2d3cde,432
0x08ffa05e1f22e3081914af04e3c093385c7bbaa7,432
0x5d0ee539893323f9965e3ac2846ea6421255ae79,430
0xc9891397a57dac1cf9aa2f8d2640522bfac955e0,428
0xd3a6967214a24de0a230c66afe0a47fb2ee1bd83,428
0x3c26efbfa80c61839fe2da8b0f7b8ce05187c8a1,425
0xfe9b5e8f7e8f6493f7d8532d915c9d53dffe9080,422
0x1073c94a9c54165a8b8de32a6ff0204bbf3fcf6c,420
0x13793e8c72f81999fdc89f2731c9a4c895aac2de,414
0x6338191071747abc74d7644d71b49c07289b1eff,410
0x72c583955ab2a2f3c7bfd8fea66c4ad65f52dfdd,409
0xe0f2a7ce7b520ef38594de6eab6e088e249b7036,407
0x9048583bd410526ca16f0d270a5836dbdea92033,405
0xcd16757c08508ccb5d5e3c35e37c93e45a41ae88,402
0x036862b7a68f9eb4a3a43f8b54de95cf05d13ec8,399
0x360abb53840302d4b4b119d2004a856f1151366b,395
0x73bb8f32020da4e1ec6b1474f94d8d608af27dfd,394
0x568a1f8554edcea5cb5f94e463ac69a9c49c0a2d,394
0xd3dffc1acfea59557b9092a5c095aca91d696a57,392
0x82b7e17d5dbf81ad84f6d4b6a95c2da147271dd1,391
0x171ad7aa2d6e083ebbbef0e7ada2ef76da4dadb6,386
0xcfca727763b2e9812085ccea5a99b6c73383be78,386
0x23cd7da31501aa54f61384a3756fb4a1329dbb2c,386
0x7a19e1ecbca21ca17a7c31e1a911d25755d85d3e,384
0x963c7d73ec045fbc954e43560a6442b885e3d55f,382
0xd7431870ada2f9f0053180610974f63bf8e9f504,381
0xd67cff882066536d134e80b9ad2b16e247b6e438,381
0xbccd3dbdbc9ba6ca60c7da50f2ed720310df8ead,377
0x449f5c827cf7726cc5f181090aa147ca5fb88a40,376
0xe41161b8692a2f8aeda6b85d5b92ec6f5724ced7,376
0x7ccdc136619cddf744122a938b4448eda1590fe1,376
0xf980759616a795b2d692a5c0a0f1bad651984bc1,374
0xa7dc80fc2a566769e18512c426e2fa82436e9bd4,374
0xbc5370374fe08d699cf7fcd2e625a93bf393ccc4,372
0x4340d7a02f774695b93eb768a978ee6b3affe0ee,369
0xbfa5d9d1835e336a75e504bdd774f7123ded0531,368
0x6490efefbe454d7a4aaad6d1a3359d38a1065e91,367
0x740e033133f54055a4b48167a394b34e37195b2a,366
0x168afd0a93a5f582014c64f0fb47d3615d653694,365
0x124f967d50dedf23d9b1cc4ac42851513bc67c07,365
0xbce981c214fb0d87112edd383d9e9a0fce5a59ea,360
0x9774126f3f470fb5c45d3ea8fd6198efb07c8eac,356
0x6c249e51a0021f0d05932bf94ad225cb1f21445c,355
0x079a09fda4ecd57f76a739152e88a8267a86c240,355
0x0dfe79ab44f8f194f0475d9e78e6ef80935e173f,353
0x4787993750b897fba6aad9e7328fc4f5c126e17c,348
0x28cfaf829d7d0a684b33c3afca06905ef5e071bd,347
0xaee0d7153ca6ee29ad56949d41aafcce788db555,346
0x476eda02bf0c35603fd6e0306cf85381029f90f1,346
0xfb0176604aab0147c4c94d851ae720542e1324e8,346
0x4c100f1e9178f209dc99575f315be1ef99330dd3,342
0xc59791e0d4986fa31fd0fa13d0087837770e6df9,341
0x2e11fd33f4331dc8a1459c049e50c2e843f14826,338
0xf28460e6c571f1d1e481c81dd84973f9b00e1b7b,337
0x0ac4b59aa9c320e556a1e19176ef61eebdfacd25,334
0x6abf810730a342add1374e11f3e97500ee774d1f,333
0x3600e83e5c14119f6f3b92df197db6d5025b56f5,333
0xb832f566f58cfe5a7f967a1bc02e0c831532e7ba,331
0xe2178b5a8a308922c97c69f7354acff525f2f3d7,330
0xbbb1fe84c66e9e0012556a424bb82eb2d34558db,328
0x07af1f10d749e432fed9c5901dd7d7821267a846,327
0x8d8a37ccbcca3cd95a367f2a80c6088396acca96,325
0x1463e3c9f6412d899c983c8d871eea047dc379a6,324
0xbdaed67214641b7eda3bf8d7431c3ae5fc46f466,322
0xec8e410316bd8d45cf660fdfd1fbd9eeafe9ed6c,320
0x6d015a2824517cc9e7920500f44d48c4a090c4bb,319
0x991180b1d68addcb74861d5382c55e5280f0d05a,316
0xe186080327158c9181b26023b136a021b42359d7,310
0x22bd8d4ddccd835c41d69f9251d2005322b2c9fb,310
0x467736bd6691e9f7f198d1c4cd3c96f1159d94b7,307
0xfef1595da2bba952fe13003dce7ad32d991c6e2f,307
0x4a450305cf68ab6f456f14347946cfe86072cb5d,306
0x2a5c0ad3fa0157eb999f878066d072074e7cc174,306
0x87360ae69f75e3a8b19c131dc01f4e0d2fc8c6b9,305
0xb88764ea63874d95740df258f22e69e92456ff3c,304
0xb7ec7bbd2d2193b47027247fc666fb342d23c4b5,303
0x94cac9b8a8e597e5a934b91c0e5a06fe863bde13,303
0x46dcf653329803b4f097d295dc475d24dfcd1410,303
0x4365f2314a2b8016ee250a927a78d67d10387b9b,302
0x69b47e2bc52fa28fef7bae5a89a0421126bd56c9,301
0x032ef0359eb068d3dddd6e91021c02f397afce5a,300
0x739039c187655590367f96158201c941a61d440a,300
0x3c62e8de798721963b439868d3ce22a5252a7e03,299
0x5eef0e02b6f84f5b13543ed41df975b751b33182,299
0xf30fe881912d8b0c5453048683fc5c91c107461d,297
0xee8c1500e3b5d8463980f8cfd8f2d58b692c4980,294
0x487797518e7622e13fb01b6c9240bb9e4789b5a6,293
0x63a2e70b9208e8285c9a95f322243186cd77087b,293
0xda6dbf57c378bdcf06e4e1ce0e5864769f1eece3,293
0x9a0eccc2dac15a2452652eaf670f4ad9eebbdd8c,292
0xcb56ac6355397e11c197c3e403fe8b90296373c7,291
0xe9df89e2e7df9064ce85a0099d731eabaf8dc860,289
0xdca726c80520e9ae4bf1786a1fce32538ee11e79,289
0x741733ca54e0f052a092bdc95ba9897c2d56e04b,288
0x038937e005eef4e6933d25f8f00c5016ceb56e48,288
0xd532375971258953263218994966e2a0a3d5c18a,287
0xc72678b233db51ff01a6725c21a323a98096cfa1,286
0x8b481c5af4734501ea8b6a0c3502e001dd883d3d,284
0x3eee6cc5d0954d3b706e25dba06f6f71c71637f4,284
0xf077155fca8288da1cbdfbc77e5a33e8f2289664,283
0xd030e4b885532144aa3c9c10efeb283e51a4a3ee,281
0x9cb151054ab13fa715f170c731a9705236e0a537,278
0xb9482f8d33e1c7a71041908854ebb5ab7f741965,278
0x28fb4e9337a9b2498022e4b8d53e11b80e9689f9,277
0x852a0a4843fe12dc754bf348b311e1e1c226ee07,277
0x1301566b3cb584e550a02d09562041ddc4989b91,276
0x620de236fcce1e061725f382be3d1bf689f29a5c,274
0xa04c6bd65e4352b30dcc6b0f21cf58adecc52781,274
0xa83452ef1a19bb74731acc49635e158074ec9b3d,273
0xd147c1ec123f3a66567b858d86aa21b05a68764f,272
0x40b97657fa3db93020b7d4fabef6bb82d702124e,271
0x04047358179df7fe24e578219336212346df1c07,270
0xb8d1098d65e60881ef540402e59f352a177b8ce4,268
0xe976d6c97330b59669a5e44135ac0508c78b3195,267
0x4e3df775bc35b9d30c5d3f537a39c3b074135763,267
0x98ec7d56024c4e576e691b32a5ba284f9b15be38,267
0x962b9cd79b3c8fb5e2e2fe6b4bb667717a461e55,266
0xb327a9eb54c8d2ea91d86976f3d1976c595fbc15,265
0x74cab08cdebf88d400f3c3b46c0bcaa7b2e8ca27,265
0x4ef107a154cb7580c686c239ed9f92597a42b961,264
0x9ed2c03a5b4fc78e04bfcccfed108249f33a97c1,263
0x6bdc1e0b81eef1d38667b0c57b8856d527ccca05,263
0xa33ab4b0c9905ebc4e0df5eb2f915bee728b8253,263
0x81eaf1ff62bb8ccaa5314287b14e75e04e21b8f2,262
0x25a48cec6acd04e36388f50dc69eb4e7d7ee0fbb,261
0x8fae9696ab70591899ea2b181379b083b7c02032,261
0x4a152c146ec60251c50817e2cff25700d6b711af,261
0x5b6660ca047cc351bfedca4fc864d0a88f551485,261
0xf80a31718151ee890a7e44f6dbd6562b5e219a41,257
0xf4dfe5e127df0986b2ba2cc15e173eaec507713a,257
0xeaa1ed00c7f9dbf6dd0c277644734c2afde8ea24,256
0xc43cd80936e12d5b6e6d9fe9c90f4a9549e76047,256
0xe8bbf054b788c98d9993be5513254d6b64a1ba97,256
0x4e5377b725fbb319c1e0ccd06b382772839ababa,255
0xcec18b7854ad80354929afda2fd86c6987b6ab9e,255
0x8e43d7a5c4b2de24b728deff0e666fe674b3ca91,253
0x534ccee849a688581d1b0c65e7ff317ed10c5ed3,252
0xb72685d2b1eeb18426d3e082ad8a95d0148b6ea9,251
0xb71b092367b638b93bac3e0a2d5c7f411e9c89be,251
0x406f988192efc35b710b67d97fb618ca083bd81f,250
0x2c5c88df2c01e1486121bb9e31b93cc850486b0d,248
0xec4b43f4d4aa8641bec11554ff8131a207fef892,248
0x9b3554e6fc4f81531f6d43b611258bd1058ef6d5,247
0x93d43fc293c53672f36ac913b7267f15dc3b5b11,247
0x51430fbd23a8aef3d82e4240152ba379ff84016b,246
0xaefa27a665d48e19c38437ba7135c8107bb5928f,245
0x60861b6f32379ee9dc6d6ca324365df2b9605fa2,245
0xb7f7971926cc0ba223a8e36232e6da8b0f5c887d,243
0x31cf2697d3117efab5f5493796c94aef362c56ad,240
0x67123afd93dd99c2b7587ea506843bfd9485d95e,239
0x6d0fd5dbc5c73d4e156ead77ed7ab115313dfbca,239
0xa2fcab0347b611479de2f83182b5a620f25ee777,237
0x0637e391fb9d0e668466e9cfa5502034dca397ef,235
0xc56c609dfb32a76461f3cb6f8d0792a5355e9a24,234
0x7d0bb7a2fdc7e15e2937226670f1622931459660,233
0xfc6e40d37052dedc721516df9a4c89aaefe9597b,233
0x89be28ea3b9a24885e343674f25cd8444fd692e5,232
0x568091716f12fe29ae8281a13c58037e5a23843c,231
0xcc18e9f5344d88db77fc032c12cbf4786d5212a4,231
0x2f415bc64fcea9feffbb20f42d3aa7e62647004f,231
0x318b85b63f699e31d2c7c93d78cc94aa9c8e3036,231
0x25336c0aa44c1bf04b8dcd2788d2a400b4e670bc,231
0x9c5df2ead85f097fd63a1145204c5a9df2e2374a,230
0xfce0282acf9cd6e15c5ec1cf52c7008812494b5d,230
0x740acafebe8f1051a4482bc2acc3f78e5dfc001c,230
0x1af518ab9c883125f0d34b4f929c6c3cf3c91a41,229
0x0c99b3101e2a06bc85eee5ad43d299e3ecf4e7e7,228
0x08995edb5daca2a856b82647318e30e304aa0aa8,228
0x0b762b6df5940c6b55e21143142286c74299e174,228
0xb39d10435d7d0f2ea26a1c86c42be0fd8a94f59b,228
0x682575b74a00ff87f74fc5f83c34220de50102ba,227
0x03886ad577fb0ebd1fab88bd0fba2f3b03c786ec,226
0x55d378a647fdc848b6f17384a69eeec15bd7ba1e,226
0x29a6eb0cb18a372165b210e6a14df9865d915562,224
0x8a27a854b99ca49e632c0055ca15f7e97038cc03,223
0xf420d2543dfa7f1629ddfc0e66e7b329a13c34fb,223
0x756244c9ba82d1ba5cb0932b1f3c6a10c365f19e,222
0x0b2a13bc4a09bf1ee822964c3619f79791719ec0,221
0x38358be8ed6fbef23ab7f93f2147ea9174ed861a,221
0x9ecf3414a7aeb5753ce017880c7d2969ab28d763,221
0x7caacd478189f04c55bb833f7be26eb376ce647a,221
0x3e87affd1c2a4278228d49123f2900021e8c4975,220
0xf4014b65e2228b2bc81d826f0c4f2c2f6841726b,220
0x0d024dca6eb825529eb25e52748c2d030e281dae,219
0x062f189b36fd2df5821daebf2ea706e56a86a1e8,218
0x37b99aabab9e6d8fd70b4255623b2aa7eb92ec12,217
0xeb06ae75e64f08a7618f0d5a8ad80f164a32060f,217
0xeb35a696af4cf2e18203781db1c7607adbabc251,215
0xf984310b7af2545d37f7dbb8d4d864b939d8239f,215
0x9d5eaf759fd63e69c5ea463648be3ffaa5ead906,212
0x4031279f94e1cd2ad2af8680bb24cb29d93c4629,211
0x13dccb630ba92989299bbc276486c28673ca69e8,211
0x34887b4e8fe85b20ae9012d071412afe702c9409,210
0x2a605b89c3ddf839126daccd3fdaf6df8c18df76,210
0x560b54f69b95c36906162464d3054fc3c7ce5e40,209
0x0a2ea71d943bf917b410593194595e1f48d40e54,209
0x4871869fbb6afc361b090e1b56e0a20bec8d2d6e,209
0xd8748daef6e1e5ae3da889efdff549ca331f7093,209
0x8bafa5f4ab1a45fad116dacc8f7c6842038051a9,208
0xe91125f34fcef2854a890dcf02b74cb2dcbe377f,208
0xf7ddc72b2b2cc275c1b40e289fa158b24a282d90,208
0x68a7066e377e533155f56af89e4c9c0723f20a76,208
0x3bc5bd64fff1b1a4054732abf23d8b100d991031,207
0x6d2e83a559c1fbe0cc677d10a22f28f0f8b1f325,205
0x7f5059cc888744e2812c6f693a727e9d787189ec,205
0x312af1f3f2d8d3ddeaed4f26599cce60801cf5fe,204
0xfc9350c3487bacfcef104c024cc98cb0b2adbdd0,203
0x2ff9c09becd301bcf7d5fa057e01c39a370985cb,203
0x1c01c9b517fee1aab187162ed74c994db721ba05,203
0x533bafa16aa76218ec4a365ad71bf8816cf21bbb,202
0xd1d89e3a49e50f5a05f1de017b607124c23611d0,202
0x266ade727b9646626466ef9dba757495d60a487c,201
0xf9d020da5a6709399c8cc6c9cd5b349bac285aee,201
0xbf8a84de5dcc0bd5792026bfdebfc75d9675a363,201
0x1e019a0b3e67dc1198936fc7e120bb6ba02ddcaa,201
0xa21c9a3ae47103b1fd1dfa04766c4d00c19e1ff6,201
0x1f28211cd78363c7e0d44a90157017422599526c,201
0x842d8b7b08c154adc36a4f1186a0f401a10518ea,200
0xaeb79e3af91d074305c01ea15010d3521d8c5317,200
0x128a179864426c73708da7dfb3f1b3fc5c204a41,199
0xf0ba84690b9bdec4c3175557446dddf6384eec1d,198
0xe6f08bd01e12ca0cdadaea0848590b30b6f57faa,198
0x03c67746d9482ffee0d48cf03c56ad914687a31e,197
0xba4b3264cd8dbed4b169a25675aea0ecba8a0229,197
0x6f13d82d5d501b2eebb94a34bbf8bfdf20440079,196
0x12166e8ab10d66f1f1d01cbb6ed0d2246f990d8e,193
0x86d6d43573ba84f521acb1ac1bc31675f7c4eff0,192
0xe5ac06cf8f94f327e1a09d9de8bb1670796858cd,192
0xb0cc7b47155dd1192d32a5dbf9c0e23386e83a77,192
0x342e01ac9a91086c4e1e1a34b8b83facb053a587,191
0xa753355fedcb30bc4a73491067f3a33470e7d280,191
0xa29939f74c3e527c83011fab972b09ac68e71a47,190
0xa1621e8269f303874298dbef1bb59d20d705af1c,189
0x7031f0bad732aa9984fa2638a24bccbe6a8e2912,189
0xab91123756dc984f7bf407105cc58a309d95ac31,189
0x220b1c387ccae2a618c0c10084c1a3f2c358d7c1,189
0x9c61b1869f45b2a39d7300d9eb02157e912fd3fb,188
0x11bdfb09bebf4f0ab66dd1d6b85d0ef58ef1ba6c,188
0x98b541abaa01d72e7a48e0fd0b696d8b491ce8b4,187
0x7c523c42ad255e5b270b12fee2ecc1103e88a9dc,187
0xfd98724f1c8a36c7be155cddce51b456eb1eb08d,186
0xe7a8dd62f6fff322acc2670fa4ba940a17d9f301,185
0xe8d42eb7358d8ee306cf6916aae5b2367d1fed46,185
0x271a0b465d5b453bb835afd2d671c76b2b76900e,185
0x9363b88cb3718a63280f63742f67ec27caa1d2bf,185
0xfe5deebaaf04d25864718cbf0289a49692a0ffee,185
0x6fdc09659004d9420283d771d887543f89ba1537,184
0xc662393593eb276487f215169b4d57318bf08ae2,184
0x01471d5d0f8603e71d4579da62e1d62cd748cbf7,184
0x830a520ca393bf213d4d983a3ee40254c97ed799,183
0x414bf02c4e9542ff76bd861e6543c241d3e0dfdc,183
0xf856a08f1f6f53b21bbe6abce5c15317ce9b8811,180
0x7ff95a455a8d57e5f262be95069c55f7519f6131,179
0xd90183850d1e1908ed8012ac9c9a7b1b23a991a3,179
0x621853903577825db4a115949af5ce2caa38298f,179
0x3a630495c7611b4da41bf133554374caa3963b75,179
0x422401a78d6fb4727f96cc435884ecf5ce16f527,178
0xaf137b471523d26ab14ed2a24c1471958a3372d9,178
0x3c3f1f06ff43cbe8fc71fda3af95642c2c14dcf6,178
0x3a37dcda0503f92626c082540dfbc9d95104ab96,177
0x4c93220e015ee8af5467f206464430ad6bcb71c6,176
0xd58297b5e0ad69f6ba949fdde9da0f2b978f00a0,175
0xc7069173721f6cd6322ce61f5912b31315c40fc2,175
0x61b81103e716b611fff8af5a5dc8f37c628efb1e,174
0x4f80965f1e5c19669e62aa3537dea5f5a0fa7f1c,174
0x93d5b7b0e017d6242c606a572da74f8f92b6edbd,173
0xcfc7484e0a8e790ac7a8e2796b271f6f55cf7ee9,172
0x6a14cbe969b3452d2e4d9280cd474cc47d15022c,171
0x9ad833f673d4992c203b4e6c66c7cbb6d1b25dee,170
0x6be0d2aea0922e2b198c6c92950bb102da990342,169
0x309725cb7abde5e04f0ca66b90dc3819c4a19ccb,169
0xf886313f213c198458eba7ae9329525e64eb763a,168
0x852d8fcb65b6820afd37d1223911376da943c771,168
0xb5c461ae792ae429fa175450e1d2af7f494ea20f,168
0xb8d1cdcefe47834971067bb0b8249f45433b4157,167
0x9044c1f34f29d19558c11662cb2de79f858347d9,166
0xa9266a129eb21be663b6afb9788beb8839d238a5,166
0x54ecf8024088ce6d4895871e85d2d28f73f3fce8,166
0x260d0df7d892895b778d382c35dc0767c967d1b4,165
0x6f35c6470adb660e5b71467374612672ba191488,165
0x3de3fd7ed77099e16c720bdfeb339473227da44d,164
0x73cc407fbae89d69f20cf15d51aa98171dc5703c,164
0x0f59d9e70fadf5e36909a186fc32dfd5e16ba140,163
0x1304687eda7dd50b5750b7245a39d39d1c376396,163
0x760478dd60aa995d275a84d05fcab8addc0f2468,162
0x7cbfbe8b4872b2932446b90b7e3e03f6ae6e32da,162
0x0722096a191670b2cdc895f3a8aace98ddf1482f,162
0xca8ff4cad5431c0c67270c27a0d66d9776096553,161
0xdcbf49bdb92b2aa84de4e428fd5b2c9c58412bc5,161
0x665d9259f18b29a4ca38e9a4768cedee1429d116,160
0xce37d91073b13f9ecfb993fc5778bd159c17aed5,160
0x7f737b66921d18b008dc9c3a9b933a3bf559f1bc,160
0x5e1ec24780469fdebc43f8b3a0bcdedcc3bd5ac6,160
0x0dea9b8e6bf08d6859e29256942916f0cfb884fb,159
0x2e48df0e778ff90cd1596f743947c8b6841535d0,159
0x3521b99f2020fe66213aa27aff326118cdea86a2,158
0x86aebbcd15b15348739afeeeff3ff4db65a904f2,158
0x438301bbb5941f2d6c6db74ee90474cad8692087,158
0x63f6ad7a210b2d7ea12dfb5b5a1acb53c7c9e809,157
0x2d31f0b84f2eede8fb24546ba9843f340c1071f9,156
0x219014ef0fdf1b9b0d4e9e453e021573b7082bed,156
0x7ee1b5cbd032a6258171580484ac3adc63ee130a,156
0x52873aa8dc33d19436b33527342dbf0caa9f8c90,156
0x7c37463aa592c85c56069dc6d00685cd09b6a719,155
0x5eb253fb21300c82b4244a61a79b22d17b130d69,154
0xe631c110cfd301b0faa45a3d9ff597ee6e5ab756,153
0x767026bc0f7444e1eb3722af564c4f701f411c04,153
0xe018e4047890b9b9b0ae6de4cdace40dbe862f06,153
0xcef41878db032586c835ee0890484399402a64f6,153
0xa5655ffc8c1de3081bd7bed9b66ce26e3117cca5,153
0xba3fe830d62d86458024f2779675a2edc25ee9f4,153
0xbc34b85205affe0c941c784f6d76d1d6fbf2caa8,152
0x79d8995fa74d79953164fbdc11adad2e9db1841d,152
0x20f06b14c616468d35a2121fa9db8b9f748917a2,152
0x8cf3d6bbaead351bdd4533691855d08b2d814a2d,150
0x0ec252a9620cef9660829b6f1963bfea9d9aa2fa,150
0x54fba733105c030d9f18d558a248b8f7775d6e90,150
0x0fe21e7d62449cb60636c68ca2c62f5443ef0ada,150
0x4503bd78d02e88e0fe57a5a657f2636b920c1587,150
0x55591531864a6f0788387b00a8ad98032ad9ac79,149
0x981b9d51fe5219af5e334351d0ef7966314f08e9,148
0x0fbf3f400d6b2e53a5f95647d7e7c3d0813e7d51,147
0xe0617344d04825695df9a68a87b7c478620f0827,147
0xe61455af99765fd42d3e0f636ee55d35a4761449,146
0x46eda14f419be11384f2bda783d12577a786ec49,146
0x2f12c296f125ce4f2cf91687e3f8eb414696d7ee,144
0x7a1503bc08d49c122a4681d2df9a915dce6066c3,144
0x81881082589d5048b487d55e5cf10f5dfbb63c08,143
0xc20fb4260032d6532774435ee7a7845e59395f75,143
0xf08df5740b28a4801aa5599dd1b320c39a27925b,143
0xa9f237aee1b3bf78e1a93b8b5067619765c4dcba,141
0x657ee6e97dbc404d22dad686a1ea5006151981db,140
0xe0a8a9b7c821d9bbd66b826129d4cf1b219ebb3a,140
0x6a6363ad93133c1d839026c4220967b283f1959a,140
0xac58d2f75950723ac19f4757f8c8999b782bf931,139
0xd9591a2a48450dbfb8050632282ce7136bd129fe,139
0xfa80c50ffb11c255267147a85175a838835cdade,138
0xcc37c96cd50b4ceaecc9fcea880d545f093ad3ef,138
0x726c90dde64ce2a61f743f3e39f9e14fb6ab87e1,138
0x172293deb1ac52d3bd34518f785361d075993bd0,137
0xd314e5a98e5e223566f5b21ba237e1080322cab8,137
0x8506540784ec25a19ab750741a4ab1b6d8790e2c,137
0x0c6644c9973593b6a4c9c0af1af88f6b29ecace9,136
0x6c10511ddea5f3ed38a0163224198e37b81525bc,136
0x747b1606da0adf2a00c3fba0204b0ea6f2047244,136
0x8f223017e0519d54f9395fb01fa37139e54d921f,135
0xd6076efe1e577deec21afab6ed383b47e9d8dec6,135
0x07222fc4cdacedfbcfc03cbed6e72fb329e8d0b6,135
0x96728e64119f0e454f7ab3c2fc1b66941afa972c,135
0xb4e2342bd1fc099a1be79b235b3a1de3b17266fe,135
0x06426743ab506a2d542e2ef08a680d948917dbe6,135
0x3546615fbefc6f91029ace5350bcb9432c99ac86,135
0xce6f8fcf2af814d12c8fa41fc1e200026d10e4c5,134
0x3f214f938e4e02c3823b852ab0f275f6c7352ec8,134
0x7012a5ada4cee1d0bfb9f93d0f4ced094d6e8577,133
0x64d0feead12c8c4489dfe3596a870dd0b4402db3,133
0x4df844490006fa8098cce548508956896d6496c2,133
0x670b559fc759b058c4df0090182b7df749cdec80,133
0x9abf1295086afa0e49c60e95c437aa400c5333b8,132
0xc82b43b7021824a4162ce1acdddbb4fa69bf66fa,132
0x35f7319878556806e9f5b66f9d3b4506c16d3bbb,131
0xd2b3b1753e96a7578dfa5b5a7ea65d2fcd0d92bb,130
0x66e4ffd1a6d9fd77823393cd0f413d152a82b795,130
0x87f80654a9cea7c593d44582423a6fc34f79e10b,130
0x97c010e61a8aa486bafd78324587dd3d0557d006,129
0xe550b04bdf2fac06e4124d731ebe645645b03e06,128
0xc2e9a923a9bc9db5409d35ae30974c76b6e401f9,128
0xd869d37f69d3a40c52b6c0725b998f15925c1bfa,127
0xb28658362cf4f3636e0315eded14835f88069463,126
0x4de397226ecf480d7ea1873f7ee0295c4616cf22,126
0xfa12d3b3093216532def7bc74effacb9343fce0e,125
0x8c938a36b8e9df3eef9403e0ed251542126e4b57,125
0x0593c32295d2a3848e873669ef0ec5d27d7360cc,125
0x78d00b7d3d5a43f870ac1e672d85b4e899b729c0,125
0x2199b0a9495e155f796ac4dafd1655a4f0a744ae,124
0x0609315d798409bd6b358e49f8b2cd2e973abbf2,124
0xec6c17475a732e3800d744ce3aa514a4ca40f100,124
0x32fcff64d426d017deec541557bec47358be53f2,124
0xd6e68a5e3f7db9980ba26e0ed8d32e231f510752,124
0xb818acc3307fd45a461df55df75f3aa435682977,123
0x9224ca23168a20bc1b5e2a1627edf783e193d39c,123
0xe78b5cdbf2de2233909b8eb00b38c30148dc9144,123
0x45862289631b8935dc124ea26e035eee03bc8382,122
0xfb2397daa1851ba306cee0bcad859959f63aa4f3,122
0x125ac71f194cde29e8f2a104a04ea67779c91751,122
0x2c06e48f6e655bcfc7e46586784fb6da82c4ca3d,121
0xf072f26100522ff1d5ecf40e74db5c25643b3e36,121
0x15c428399fc01b90b546be4f5052b2fc8623082f,121
0xf10996991989f595cd3836774ec36381fee46c37,121
0x27c48b2f1d99cab6f6f6ae143204a0029666e29b,120
0x8d9588c080e7bbf2c0ab00337844f252f851bf85,120
0xf3c8ed6c721774c022c530e813a369dfe78a6e85,120
0xa9354f07c3e9bc1e3effbdf790a0b6dc05a46af8,119
0xda553e6b2ce8b234cb9acd57913a4df36f5a4161,119
0x6e03b32f114e99fd6a4d8a48062dd62104796294,119
0xc323f3b39ab0779fc6300cad7d7e3f47c1b86c27,119
0xdeafc8d49ea6d6044eaa53f5e7c7c35c60e13d7f,118
0x619b8861ddc62adbc5ce4117ef3faca041aaf311,118
0x6ca044fb1cd505c1db4ef7332e73a236ad6cb71c,118
0xdf89df85be28e8ee5970f7e8767f5191eedde883,117
0x72d7658f48fba5a116feb6cdddc18a5800ca9b1d,117
0xcb4108fa62a305da2a71a81841766225710fafae,116
0x9e32db713005dcfb6a9a6722912c379161027b99,116
0x69fdc91807e4371ebf18a5c78986886d826d34bf,116
0x0c15d535f8c21d6f3a03dd46ae23a07e5d897c80,116
0x6c0a168a96a454f8fb589327960c5ab745cca9e0,116
0x8593f1366ac4fee73088610721a02d4a6e0a1817,115
0x234b859d7135dc21a6c187b9769a5e34706ab1ad,115
0x110751fc098a4b407fd86237f1a797d84ffd1a00,115
0x67c5456b39a84e3a0058cd0026da69040ada86e8,114
0xbc0a833e4e24e96bf35d1d0e6b07d779fdc4c482,114
0x41f2efdcd15eadf974d8f9bea14c2936823d095f,114
0x8ae8d2ae74a96595bcdab803b563f594009e3db2,113
0x75b5a32fcb3ae2e1a520c5e88693c73a517a6f33,112
0x5ee9bc8a2b2baa393706ba3f3268135663a626a1,112
0xe714485b00e1062c1dfef1aee64ad6c8b85987f3,111
0x35329632d9863fb2ba3c29643cefeb530e34b5a0,111
0x7287bef78619e10c32a1eee82046fa3c4a29f17d,111
0x970fbc3126e19dc57f6649133436c2def00051a8,110
0x3041d13e7c594fcc7f7221488555337983e3cfa6,110
0x606a24aa75860a817cb5f2db859158ca4866edaf,110
0x9f476bab340eac1a839b363612767dc3845bddb3,110
0x07eeeb317419f90e6fe466efb20c7d20f83ac92d,110
0xa1ffa867315839c0267613f3ee9884e673d54620,109
0x1d75fde063e5b5072290586c9043cf50d5b81538,109
0x0ab5e535c11456797224ceffa9569841a370134c,109
0x903f3e665b1864dc9fa305391b78ef2fe8e128c0,108
0x63242031c4dfb230d940c934eec228a94cbee76c,108
0xaaf401585b72c678afc09036510d3ef759bdaf7e,107
0x90cfdb93b3212644fc4e002b2ed0810a4ac88acf,107
0xeca5209b63bb16447b9deb7559c56b88251e90ce,107
0x6c0db75e2b5756081e93e1bcebb1a7560cbbb6d1,106
0x1806b3527c18fb532c46405f6f014c1f381b499a,106
0x0aa70e5ab75803264f07f3bd7cb6c1e476e3ea9d,105
0x293c048ad1fbb34da180d5c085e0d2263594ebda,105
0x75b9f86e79ad930b9396c0d165e4bb93c8382ca9,104
0x6ea2d76ecbd4257bd910925973034fbcad4ab423,104
0x057eecc85ba8caaa66497e70fa7babed4bef2bb7,103
0x7fcbb56926d8c0ae2dcd86308548c7d9169a52c8,103
0x9413d018a91956cd2f196e70f2579fa58f5c6ea1,103
0x077fe80ef0c2e316bdaecef4af1b55794d088e0d,102
0x73a25642d3cdd443b0d1dd006893b63c7fe8b64c,102
0xf628328f629fa64022f0b15bf649d5b3167561c3,102
0xe6ae498d5608662277f30ad5bb3391eb103c6975,101
0x27dcc4dcdc1785e4238369726c9ccb14ec3936b2,101